{"cameraMode":{"drawMode":0,"name":"Shaded","section":"Shading Mode"},"sceneLighting":true,"audioPlay":false,"sceneViewState":{"showFog":true,"showMaterialUpdate":true,"showSkybox":true,"showFlares":true,"showImageEffects":true,"showParticleSystems":true},"in2DMode":false,"pivot":{"x":3.6256465911865236,"y":-79.86248016357422,"z":-2.4029064178466799},"rotation":{"x":-0.30872422456741335,"y":0.3468168377876282,"z":-0.12205705046653748,"w":-0.8772169351577759},"size":59.644840240478519,"orthographic":false}